,mean_coef
Podoplanin,2.15270464080843
DAPI,1.047243319772671
Keratin8_18,1.013106813689896
Caveolin1,0.9696610286564422
GATA3,0.9526298787730418
CD31,0.8060803221870143
PCNA,0.509733452922636
TP63,0.46711363897854136
ATM,0.42264141859700366
CD44,0.3805234921754928
IFNg,0.36095060187546635
MPO,0.22462804169588568
CD34,0.1308062164791662
HLA-DR,0.11822825246185176
CD163,0.07747921671318661
CD45,0.07050937929807854
CD141,0.06823151103888181
EpCAM,0.051096835481311054
CD21,0.038553632319674604
CD45RO,0.033784301143455875
FoxP3,0.015284641840032023
CD68,0.00548423603534351
Vimentin,0.0028675068340675664
CD4,-0.02859384993555239
HLA-E,-0.03124069754331004
PanCK,-0.03920860872207271
PDL1,-0.04869079340616273
GranzymeB,-0.06817694564513382
CD11c,-0.09068036920878111
CD11b,-0.09652424685908109
PGP9.5,-0.12652422006327899
CD40,-0.13108746045766656
PD1,-0.1314416192629507
CD20,-0.14285314285076628
CD14,-0.1584873823152314
BCL2,-0.1635291764838283
CD79,-0.18872053352134419
CD45RA,-0.35815766656929016
CD3e,-0.3961905049623048
aSMA,-0.664940352913742
CD38,-0.8493339903262658
CollagenIV,-0.893052416127771
