marker,n_patients,mean_delta,cohens_dz,ci_lo,ci_hi,p_wilcoxon,q
PD1,71,0.009743461487232707,0.5989366359511705,0.005916698999355733,0.013727324076396949,1.1999629324554428e-05,0.0006359803542013847
CD38,71,0.007324507783624527,0.36212078378899426,0.002821484279144936,0.011983100979797571,0.00042532649391609207,0.01127115208877644
CD3e,71,0.007684075457419426,0.40589821380941804,0.003471333507229541,0.012143402137294736,0.0006652293698440695,0.011752385533911893
ICOS,71,0.006593434382498537,0.4683316827371724,0.0035885843337113534,0.010090774127391493,0.0015932507941407044,0.017911524818484622
CD45,71,0.008777137509625877,0.344534949653759,0.0028469381991668903,0.01514285154534917,0.00168976649230987,0.017911524818484622
CD79,71,0.005408009045476973,0.27292257775510215,0.0008405007051408922,0.00989066174563408,0.0044831691778028,0.039601327737258066
Keratin8_18,71,-0.008296682476393983,-0.3559644842187628,-0.014288627918281683,-0.0032434157081092673,0.00883082375257882,0.061421282938936644
EpCAM,71,-0.005148732401004297,-0.24951364289307618,-0.009906287447993748,-0.0003900261578833835,0.00992515187126509,0.061421282938936644
CD14,71,0.004654724410960318,0.32701495966781724,0.0013001382777103163,0.00804308369503597,0.010430029178309997,0.061421282938936644
ECad,71,-0.00809372543209949,-0.31056632557860797,-0.014526514824408135,-0.0021439958718384717,0.013312836954535202,0.06729768508258242
MPO,71,-0.00583119073104479,-0.26229540993995437,-0.010982204018159471,-0.0004996905929159921,0.01396744407374352,0.06729768508258242
CollagenIV,71,-0.006989424305879445,-0.2906407650438748,-0.01242407203442294,-0.001450285307889233,0.017412402993974285,0.0769047798900531
CD45RO,71,0.006502727685253542,0.27680945083744757,0.0011513945502294623,0.011945712432231668,0.020309332754498692,0.08181173407896551
CD4,71,0.006638734356719922,0.27212307428434956,0.001394383620547006,0.012156141189209418,0.02257955177353859,0.08181173407896551
IFNg,71,0.003972651766853745,0.2421036175648837,0.00023186058319303083,0.0077788216746355315,0.023267414170007692,0.08181173407896551
aSMA,71,-0.005712250866976396,-0.2904807843046684,-0.010322215635229877,-0.0010803944509128864,0.024697881986102798,0.08181173407896551
CD8,71,0.007529301338187177,0.2643407442155723,0.0009941158353554578,0.01453147761420578,0.026986250431564527,0.08302607823365328
BCL2,71,-0.006741886786521334,-0.2355921830103015,-0.013415854776891573,-0.0007141521192800612,0.028197536003882247,0.08302607823365328
VISTA,71,0.005054124076375213,0.24018672284322182,0.0004332659543392701,0.009871991692694199,0.04136810173934143,0.11539523116763661
HLA-DR,71,-0.00479404701159375,-0.19822686902538347,-0.010134277653078628,0.0005433722852539042,0.05420123552175583,0.14363327413265298
PanCK,71,-0.004586319463707926,-0.16705803112743892,-0.011096553307421781,0.001955975117743946,0.08253903733086183,0.2012963436597853
Podoplanin,71,-0.0033953814795175175,-0.17661068244963118,-0.00752939532507247,0.0010653521590964497,0.08355697283991087,0.2012963436597853
LAG3,71,0.002796547607072747,0.19289018976660413,-0.0004945823240657927,0.006271414581377184,0.10613459715735568,0.24457102823216745
PCNA,71,-0.006866591397392511,-0.2074442836711801,-0.014948716337870867,0.0004974229922776377,0.12047438495016062,0.26126350594765735
CD11b,71,-0.0027870629753419,-0.12292144827871833,-0.007790756910468754,0.0026940640890528093,0.12323750280549874,0.26126350594765735
GATA3,71,0.0034554870573731637,0.1639783087344973,-0.001268653601662561,0.008622316826293963,0.1303618106094871,0.26573753701164676
CD66,71,-0.006490495588800962,-0.22788793307539118,-0.013500023268296015,-0.0002994107915224632,0.15365798747984324,0.30162493838635895
CD31,71,0.005594595314518378,0.19379669523480775,-0.0007340244111309032,0.01242993850872563,0.19141569186731577,0.3623225596059906
CD68,71,0.0010403919778313345,0.047326700727516206,-0.004298440448919919,0.005902719073625555,0.2244709186666669,0.4004408413647799
DAPI,71,0.002641942277042405,0.09095000909888282,-0.004492367323970465,0.009645165745437409,0.22666462718761127,0.4004408413647799
PDL1,71,-0.003111176521920691,-0.16677637145501237,-0.007308862753170231,0.0013354506816232936,0.23786255700186043,0.406668242616084
CD39,71,-0.0027134153609898624,-0.16286880557847783,-0.006618038719724109,0.001252768996346276,0.2663152686463933,0.44108466369558896
CD141,71,0.0027130214463321747,0.1199067406870216,-0.0024396424569690872,0.007952767247811411,0.30777077677439857,0.49429852027403404
Vimentin,71,-0.0021384769956262384,-0.08727014274096845,-0.007717817069699867,0.0036196981777759218,0.3300207449366509,0.504065536235922
FoxP3,71,0.001991159271147155,0.07125489777037167,-0.004543878295774281,0.0081224534574496,0.33287346732560885,0.504065536235922
GranzymeB,71,0.001190080998332607,0.057133010512245,-0.0036975716731318807,0.005906153647406362,0.3532865094490907,0.5201162500222725
CD11c,71,-0.0018149857033408104,-0.09763902279570134,-0.006261847514468454,0.0024263380184108823,0.3806686859163191,0.5452821717179706
ATM,71,-0.001991686821524972,-0.11785315545911704,-0.005941796711314811,0.0020573792377881093,0.4158531130799349,0.5800056577167513
Gal3,71,-0.002514786006121168,-0.11870204062072971,-0.00746592220763541,0.001969321578103453,0.4773943515684854,0.6419983420926355
CD34,71,0.0034840013337908574,0.13235997253562135,-0.0024341696057733867,0.009636944295295541,0.48452705063595136,0.6419983420926355
PGP9.5,71,-0.0033281119720695515,-0.1408211739162981,-0.008715130498286002,0.002052956742019729,0.5210409647651855,0.6735407593306056
CD163,71,0.001045990892289154,0.05633455614581337,-0.003304341961053761,0.005501491631935416,0.614102885190543,0.7749393551213996
HLA-E,71,-0.0026889026870469,-0.13988085720854732,-0.007339181447620742,0.0014783595603122949,0.6384646619507348,0.7869448158927661
Caveolin1,71,0.0021918944577509407,0.09309044250264825,-0.0033145039302889673,0.007769556454590659,0.6799376739663114,0.8190158345503297
CD44,71,0.001809362274132223,0.10046738619339048,-0.0024678793560564322,0.006075193458611822,0.705304929984403,0.8306924730927412
CD21,71,-0.0014406347105814091,-0.06353047091101725,-0.006566137747194915,0.003991644300831336,0.7745014791965579,0.8882541476846544
TP63,71,-0.001394333202485323,-0.047632790171438545,-0.00845032310593729,0.005320621952690179,0.7876970743618634,0.8882541476846544
CD20,71,-0.0011111610547744368,-0.05459749844421487,-0.0058122830187617375,0.003469849207070012,0.827636556517533,0.9057908614744945
CD45RA,71,-0.0009559364126020432,-0.04666888072834641,-0.005635196495518678,0.003687268797143009,0.8455382341947483,0.9057908614744945
CD40,71,-0.0006140079123827196,-0.027485937616677968,-0.006002123754501874,0.004211665895229696,0.8545196806363156,0.9057908614744945
Ki67,71,-7.64847860973276e-05,-0.004038464587826203,-0.0043774123671284255,0.004226460193983168,0.9224030197869304,0.9585756872295551
IDO1,71,0.0015584681606130072,0.09410042356327065,-0.0022967055335472433,0.0052928499072434744,0.9406221959437299,0.9587110843272632
HLA-ABC,71,0.0003925846055646847,0.016965594051278038,-0.005058242028145018,0.005776179386298216,1.0,1.0
